{"cameraMode":{"drawMode":0,"name":"Shaded","section":"Shading Mode"},"sceneLighting":true,"audioPlay":false,"sceneViewState":{"m_AlwaysRefresh":false,"showFog":true,"showSkybox":true,"showFlares":true,"showImageEffects":true,"showParticleSystems":true,"showVisualEffectGraphs":true,"m_FxEnabled":true},"in2DMode":false,"pivot":{"x":-2.8157143592834474,"y":-8.632675170898438,"z":10.474266052246094},"rotation":{"x":-0.4685755968093872,"y":0.03629442676901817,"z":-0.01926157809793949,"w":-0.8824977874755859},"size":13.873605728149414,"orthographic":false}