{"cameraMode":{"drawMode":0,"name":"Shaded","section":"Shading Mode"},"sceneLighting":true,"audioPlay":false,"sceneViewState":{"m_AlwaysRefresh":false,"showFog":true,"showSkybox":true,"showFlares":true,"showImageEffects":true,"showParticleSystems":true,"showVisualEffectGraphs":true,"m_FxEnabled":true},"in2DMode":false,"pivot":{"x":-2.8524746894836427,"y":10.466428756713868,"z":-3.748741626739502},"rotation":{"x":-0.4967108964920044,"y":-0.03305885195732117,"z":0.01892993040382862,"w":-0.8671004176139832},"size":1.1217164993286133,"orthographic":false}