{"cameraMode":{"drawMode":0,"name":"Shaded","section":"Shading Mode"},"sceneLighting":true,"audioPlay":false,"sceneViewState":{"m_AlwaysRefresh":false,"showFog":true,"showSkybox":true,"showFlares":true,"showImageEffects":true,"showParticleSystems":true,"showVisualEffectGraphs":true,"m_FxEnabled":true},"in2DMode":false,"pivot":{"x":10.288723945617676,"y":5.507936477661133,"z":9.654250144958496},"rotation":{"x":0.40228354930877688,"y":0.04831298440694809,"z":-0.021271830424666406,"w":0.9140275716781616},"size":0.8660253882408142,"orthographic":false}