{"cameraMode":{"drawMode":0,"name":"Shaded","section":"Shading Mode"},"sceneLighting":false,"audioPlay":false,"sceneViewState":{"m_AlwaysRefresh":false,"showFog":true,"showSkybox":false,"showFlares":true,"showImageEffects":true,"showParticleSystems":true,"showVisualEffectGraphs":true,"m_FxEnabled":true},"in2DMode":false,"pivot":{"x":0.8451781272888184,"y":1.255540370941162,"z":0.17206734418869019},"rotation":{"x":0.04223310574889183,"y":-0.9575919508934021,"z":0.1924411654472351,"w":0.21043680608272553},"size":0.3262018859386444,"orthographic":false}