{"cameraMode":{"drawMode":0,"name":"Shaded","section":"Shading Mode"},"sceneLighting":false,"audioPlay":false,"sceneViewState":{"m_AlwaysRefresh":false,"showFog":true,"showSkybox":false,"showFlares":true,"showImageEffects":true,"showParticleSystems":true,"showVisualEffectGraphs":true,"m_FxEnabled":true},"in2DMode":false,"pivot":{"x":0.6512638330459595,"y":1.2473769187927247,"z":-3.6619114875793459},"rotation":{"x":-0.004683507606387138,"y":-0.9939113259315491,"z":0.04655926674604416,"w":-0.09991666674613953},"size":3.856276035308838,"orthographic":false}